code,system
XaeVN,ctv3
XaeVN,ctv3
H270.,ctv3
H2y..,ctv3
H2z..,ctv3
H270z,ctv3
H202.,ctv3
H2700,ctv3
XE0ZF,ctv3
H2...,ctv3
546421000006115,ctv3
885271000006116,ctv3
12721231000006111,ctv3
301430012,ctv3
301414016,ctv3
3555881000006117,ctv3
778871000006116,ctv3
3164871000006118,ctv3
3555901000006115,ctv3
301357010,ctv3
1229740013,ctv3
301431011,ctv3
885251000006114,ctv3
H270z00,ctv3
H270.99,ctv3
H270000,ctv3
H2z..00,ctv3
H270.11,ctv3
H2z..99,ctv3
H270.00,ctv3
H2y..00,ctv3
H2...00,ctv3
H2y..,ctv3
H202.,ctv3
H2...,ctv3
XE0ZF,ctv3
H2700,ctv3
H270.,ctv3
H2z..,ctv3
H270z,ctv3
3164871000006118,ctv3
1229740013,ctv3
546421000006115,ctv3
12721231000006111,ctv3
885251000006114,ctv3
301414016,ctv3
3555881000006117,ctv3
778871000006116,ctv3
301357010,ctv3
3555901000006115,ctv3
885271000006116,ctv3
301430012,ctv3
301431011,ctv3
H2...00,ctv3
H270z00,ctv3
H2z..99,ctv3
H270.00,ctv3
H2z..00,ctv3
H270.99,ctv3
H270000,ctv3
H2y..00,ctv3
H270.11,ctv3
H2701,ctv3
219801000006119,ctv3
2622081000006118,ctv3
301413010,ctv3
301362011,ctv3
3555891000006119,ctv3
3555871000006115,ctv3
1232627018,ctv3
4781131000006116,ctv3
H202.00,ctv3
H270100,ctv3
H200.00,ctv3
H201.00,ctv3
H2701,ctv3
1232627018,ctv3
219801000006119,ctv3
301362011,ctv3
2622081000006118,ctv3
301413010,ctv3
3555871000006115,ctv3
3555891000006119,ctv3
4781131000006116,ctv3
H201.00,ctv3
H270100,ctv3
H200.00,ctv3
H202.00,ctv3
H20..,ctv3
301814013,ctv3
301364012,ctv3
546491000006118,ctv3
3163841000006112,ctv3
301363018,ctv3
301809014,ctv3
125510013,ctv3
H20y.00,ctv3
H20z.00,ctv3
Hyu0D00,ctv3
H20..11,ctv3
Hyu0800,ctv3
H20..00,ctv3
301809014,ctv3
546491000006118,ctv3
301364012,ctv3
3163841000006112,ctv3
301814013,ctv3
301363018,ctv3
125510013,ctv3
H20y.00,ctv3
H20..00,ctv3
Hyu0D00,ctv3
Hyu0800,ctv3
H20z.00,ctv3
H20..11,ctv3
Y210a,ctv3
Y210a,ctv3
1576341000006118,ctv3
1576341000006118,ctv3
301389018,ctv3
4781231000006110,ctv3
H245.00,ctv3
4781231000006110,ctv3
301389018,ctv3
H245.00,ctv3
932231000006112,ctv3
7052581000006116,ctv3
H2z..98,ctv3
932231000006112,ctv3
7052581000006116,ctv3
H2z..98,ctv3
5887741000006112,ctv3
5887721000006117,ctv3
5887801000006119,ctv3
5887771000006116,ctv3
1772741000006119,ctv3
5887711000006113,ctv3
5887681000006112,ctv3
5887781000006118,ctv3
5887731000006119,ctv3
5887791000006115,ctv3
1772731000006112,ctv3
5887721000006117,ctv3
5887791000006115,ctv3
5887741000006112,ctv3
5887711000006113,ctv3
5887681000006112,ctv3
5887731000006119,ctv3
1772731000006112,ctv3
1772741000006119,ctv3
5887801000006119,ctv3
5887781000006118,ctv3
5887771000006116,ctv3
219771000006116,ctv3
H22y200,ctv3
219771000006116,ctv3
H22y200,ctv3
3020151000006113,ctv3
220191000006115,ctv3
220241000006115,ctv3
3020161000006110,ctv3
3231031000006117,ctv3
H24y300,ctv3
H24y600,ctv3
3020151000006113,ctv3
220241000006115,ctv3
220191000006115,ctv3
3231031000006117,ctv3
3020161000006110,ctv3
H24y300,ctv3
H24y600,ctv3
301812012,ctv3
301394018,ctv3
301404013,ctv3
396104016,ctv3
301403019,ctv3
H24..00,ctv3
H24z.00,ctv3
Hyu0B00,ctv3
H24y.00,ctv3
H24yz00,ctv3
301403019,ctv3
301394018,ctv3
301404013,ctv3
301812012,ctv3
396104016,ctv3
H24y.00,ctv3
H24z.00,ctv3
Hyu0B00,ctv3
H24..00,ctv3
H24yz00,ctv3
7302761000006111,ctv3
2872480010,ctv3
H203.00,ctv3
2872480010,ctv3
7302761000006111,ctv3
H203.00,ctv3
301370018,ctv3
301375011,ctv3
1222332017,ctv3
301376012,ctv3
301811017,ctv3
301813019,ctv3
301368010,ctv3
H22..00,ctv3
H22..11,ctv3
H22z.00,ctv3
Hyu0A00,ctv3
Hyu0C00,ctv3
H22y.00,ctv3
H22yz00,ctv3
301813019,ctv3
1222332017,ctv3
301368010,ctv3
301376012,ctv3
301370018,ctv3
301375011,ctv3
301811017,ctv3
H22y.00,ctv3
Hyu0A00,ctv3
H22..11,ctv3
H22yz00,ctv3
H22z.00,ctv3
Hyu0C00,ctv3
H22..00,ctv3
219851000006115,ctv3
219841000006117,ctv3
H222.00,ctv3
H222.11,ctv3
219841000006117,ctv3
219851000006115,ctv3
H222.11,ctv3
H222.00,ctv3
7119721000006118,ctv3
7119731000006115,ctv3
7119741000006113,ctv3
301810016,ctv3
7119711000006114,ctv3
219881000006111,ctv3
Hyu0900,ctv3
H22yX00,ctv3
7119711000006114,ctv3
7119731000006115,ctv3
7119741000006113,ctv3
301810016,ctv3
219881000006111,ctv3
7119721000006118,ctv3
H22yX00,ctv3
Hyu0900,ctv3
301818011,ctv3
301408011,ctv3
546481000006116,ctv3
396105015,ctv3
546441000006110,ctv3
12728631000006117,ctv3
12728461000006112,ctv3
301377015,ctv3
301382010,ctv3
301409015,ctv3
H26..00,ctv3
H26..11,ctv3
H260.00,ctv3
Hyu0H00,ctv3
H23..00,ctv3
H23z.00,ctv3
H25..11,ctv3
H25..00,ctv3
301382010,ctv3
301408011,ctv3
546441000006110,ctv3
12728461000006112,ctv3
301818011,ctv3
12728631000006117,ctv3
396105015,ctv3
301409015,ctv3
301377015,ctv3
546481000006116,ctv3
H23z.00,ctv3
H260.00,ctv3
H26..00,ctv3
H25..00,ctv3
H23..00,ctv3
H26..11,ctv3
Hyu0H00,ctv3
H25..11,ctv3
219921000006115,ctv3
4781201000006119,ctv3
4781211000006116,ctv3
H232.00,ctv3
4781211000006116,ctv3
219921000006115,ctv3
4781201000006119,ctv3
H232.00,ctv3
7259561000006111,ctv3
7259571000006116,ctv3
7259561000006111,ctv3
7259571000006116,ctv3
301386013,ctv3
220111000006113,ctv3
H240.00,ctv3
H240.99,ctv3
220111000006113,ctv3
301386013,ctv3
H240.00,ctv3
H240.99,ctv3
1772691000006116,ctv3
5887911000006111,ctv3
5887821000006112,ctv3
5887901000006113,ctv3
5887931000006117,ctv3
1772761000006115,ctv3
5887921000006115,ctv3
5887841000006117,ctv3
5887831000006110,ctv3
5887911000006111,ctv3
1772761000006115,ctv3
5887821000006112,ctv3
1772691000006116,ctv3
5887901000006113,ctv3
5887921000006115,ctv3
5887931000006117,ctv3
5887831000006110,ctv3
5887841000006117,ctv3
1772701000006116,ctv3
1772701000006116,ctv3
1219703018,ctv3
4200921000006119,ctv3
H246.00,ctv3
1219703018,ctv3
4200921000006119,ctv3
H246.00,ctv3
301391014,ctv3
220021000006118,ctv3
301393012,ctv3
H247100,ctv3
H247z00,ctv3
H24y000,ctv3
220021000006118,ctv3
301393012,ctv3
301391014,ctv3
H247100,ctv3
H247z00,ctv3
H24y000,ctv3
12990651000006112,ctv3
12990651000006112,ctv3
301392019,ctv3
494463016,ctv3
H24y500,ctv3
H247200,ctv3
494463016,ctv3
301392019,ctv3
H247200,ctv3
H24y500,ctv3
3259081000006118,ctv3
78272011,ctv3
3259121000006116,ctv3
3259161000006110,ctv3
2164029012,ctv3
6729751000006114,ctv3
H231.99,ctv3
H231.00,ctv3
3259121000006116,ctv3
2164029012,ctv3
6729751000006114,ctv3
3259081000006118,ctv3
3259161000006110,ctv3
78272011,ctv3
H231.00,ctv3
H231.99,ctv3
2622071000006116,ctv3
2622101000006114,ctv3
2622101000006114,ctv3
2622071000006116,ctv3
13012271000006118,ctv3
13012271000006118,ctv3
4781321000006117,ctv3
4781321000006117,ctv3
3334911000006117,ctv3
633531000006116,ctv3
3334931000006111,ctv3
H22y011,ctv3
3334931000006111,ctv3
3334911000006117,ctv3
633531000006116,ctv3
H22y011,ctv3
3166801000006115,ctv3
69026013,ctv3
3166821000006113,ctv3
H221.00,ctv3
3166821000006113,ctv3
3166801000006115,ctv3
69026013,ctv3
H221.00,ctv3
1787121000006116,ctv3
1479355018,ctv3
H2B..00,ctv3
1479355018,ctv3
1787121000006116,ctv3
H2B..00,ctv3
3047831000006110,ctv3
56816017,ctv3
4781141000006114,ctv3
1760561000006116,ctv3
219991000006118,ctv3
3047811000006116,ctv3
H223000,ctv3
H223.00,ctv3
219991000006118,ctv3
3047811000006116,ctv3
56816017,ctv3
1760561000006116,ctv3
3047831000006110,ctv3
4781141000006114,ctv3
H223000,ctv3
H223.00,ctv3
3548591000006113,ctv3
107173015,ctv3
H220.00,ctv3
3548591000006113,ctv3
107173015,ctv3
H220.00,ctv3
5887761000006111,ctv3
1772711000006118,ctv3
1772721000006114,ctv3
5887701000006110,ctv3
1772721000006114,ctv3
5887761000006111,ctv3
1772711000006118,ctv3
5887701000006110,ctv3
399241000006111,ctv3
AyuK900,ctv3
399241000006111,ctv3
AyuK900,ctv3
1231963019,ctv3
885221000006117,ctv3
3465971000006110,ctv3
H243.00,ctv3
H243.99,ctv3
1231963019,ctv3
885221000006117,ctv3
3465971000006110,ctv3
H243.00,ctv3
H243.99,ctv3
1231962012,ctv3
3465961000006115,ctv3
H243.11,ctv3
3465961000006115,ctv3
1231962012,ctv3
H243.11,ctv3
4781311000006113,ctv3
220251000006118,ctv3
H24y700,ctv3
4781311000006113,ctv3
220251000006118,ctv3
H24y700,ctv3
219931000006117,ctv3
4781151000006111,ctv3
H22y100,ctv3
219931000006117,ctv3
4781151000006111,ctv3
H22y100,ctv3
3259071000006116,ctv3
3259171000006115,ctv3
350051017,ctv3
H28..00,ctv3
350051017,ctv3
3259071000006116,ctv3
3259171000006115,ctv3
H28..00,ctv3
12990671000006119,ctv3
12990671000006119,ctv3
885231000006119,ctv3
1772771000006110,ctv3
H25..99,ctv3
885231000006119,ctv3
1772771000006110,ctv3
H25..99,ctv3
301816010,ctv3
Hyu0F00,ctv3
301816010,ctv3
Hyu0F00,ctv3
220201000006117,ctv3
H24y400,ctv3
220201000006117,ctv3
H24y400,ctv3
1772751000006117,ctv3
5887881000006111,ctv3
5887871000006113,ctv3
5887861000006118,ctv3
5887881000006111,ctv3
5887861000006118,ctv3
5887871000006113,ctv3
1772751000006117,ctv3
4781261000006118,ctv3
4781261000006118,ctv3
294997017,ctv3
A551.00,ctv3
294997017,ctv3
A551.00,ctv3
2657031000006118,ctv3
546451000006112,ctv3
885191000006112,ctv3
H21..11,ctv3
H21..99,ctv3
2657031000006118,ctv3
546451000006112,ctv3
885191000006112,ctv3
H21..99,ctv3
H21..11,ctv3
12220811000006115,ctv3
12220811000006115,ctv3
220051000006110,ctv3
H247000,ctv3
220051000006110,ctv3
H247000,ctv3
219761000006111,ctv3
AB24.11,ctv3
219761000006111,ctv3
AB24.11,ctv3
301397013,ctv3
H24y100,ctv3
301397013,ctv3
H24y100,ctv3
3259111000006112,ctv3
3259111000006112,ctv3
1772681000006119,ctv3
739941000006111,ctv3
H21..00,ctv3
739941000006111,ctv3
1772681000006119,ctv3
H21..00,ctv3
12990661000006114,ctv3
12990661000006114,ctv3
3259151000006113,ctv3
3259151000006113,ctv3
885241000006112,ctv3
H26..99,ctv3
885241000006112,ctv3
H26..99,ctv3
5053491000006113,ctv3
5053491000006113,ctv3
350073012,ctv3
A54x400,ctv3
350073012,ctv3
A54x400,ctv3
4200931000006116,ctv3
4200931000006116,ctv3
437481000006113,ctv3
P8y0.00,ctv3
3334901000006115,ctv3
3334941000006118,ctv3
3334941000006118,ctv3
3334901000006115,ctv3
6566921000006119,ctv3
6566921000006119,ctv3
219971000006119,ctv3
H224.00,ctv3
219971000006119,ctv3
H224.00,ctv3
1222333010,ctv3
H23..11,ctv3
1222333010,ctv3
H23..11,ctv3
4781271000006113,ctv3
4781271000006113,ctv3
220181000006118,ctv3
H24y200,ctv3
220181000006118,ctv3
H24y200,ctv3
220071000006117,ctv3
H241.00,ctv3
220071000006117,ctv3
H241.00,ctv3
6566931000006116,ctv3
6566931000006116,ctv3
301390010,ctv3
301815014,ctv3
H247.00,ctv3
Hyu0E00,ctv3
301815014,ctv3
301390010,ctv3
Hyu0E00,ctv3
H247.00,ctv3
3231041000006110,ctv3
3231041000006110,ctv3
5053451000006119,ctv3
5053451000006119,ctv3
754391000006117,ctv3
A3BXB00,ctv3
754391000006117,ctv3
A3BXB00,ctv3
1216638013,ctv3
H244.00,ctv3
1216638013,ctv3
H244.00,ctv3
3246511000006114,ctv3
3246511000006114,ctv3
12652015,ctv3
H530200,ctv3
12652015,ctv3
H530200,ctv3
301817018,ctv3
Hyu0G00,ctv3
301817018,ctv3
Hyu0G00,ctv3
350054013,ctv3
H233.00,ctv3
350054013,ctv3
H233.00,ctv3
220131000006119,ctv3
H242.00,ctv3
220131000006119,ctv3
H242.00,ctv3